Comune;Provincia;Regione;Nome;Anno inserimento;Data e ora inserimento;Identificatore in OpenStreetMap;Longitudine;Latitudine
BORDIGHERA;IMPERIA;Liguria;;2014;2014-10-23T12:37:49Z;3145392500;7.6868538;43.7793143
DIANO MARINA;IMPERIA;Liguria;;2014;2014-10-23T12:37:50Z;3145392514;8.07754609999999;43.8898164
DIANO MARINA;IMPERIA;Liguria;;2014;2014-10-23T12:37:50Z;3145392515;8.0843744;43.8998771999999
IMPERIA;IMPERIA;Liguria;;2014;2014-10-23T12:37:50Z;3145392510;8.0562284;43.8289122999999
SAN BARTOLOMEO AL MARE;IMPERIA;Liguria;;2014;2014-10-23T12:37:50Z;3145392516;8.1090655;43.9171568
SAN REMO;IMPERIA;Liguria;;2014;2014-10-23T12:37:49Z;3145392501;7.814972;43.7835802
SAN REMO;IMPERIA;Liguria;;2014;2014-10-23T12:37:49Z;3145392505;7.7988885;43.8069573
SAN REMO;IMPERIA;Liguria;;2014;2014-10-23T12:37:49Z;3145392507;7.8004652;43.8149771
SANTO STEFANO AL MARE;IMPERIA;Liguria;;2012;2012-10-31T13:48:04Z;298889633;7.9095823;43.805641
SANTO STEFANO AL MARE;IMPERIA;Liguria;;2014;2014-10-23T12:37:49Z;3145392506;7.909425;43.8090618
SANTO STEFANO AL MARE;IMPERIA;Liguria;;2014;2014-10-23T12:37:50Z;3145392508;7.909425;43.8154889999999
SANTO STEFANO AL MARE;IMPERIA;Liguria;;2014;2014-10-23T12:37:50Z;3145392509;7.8898719;43.8208924999999
ALBENGA;SAVONA;Liguria;;2014;2014-10-23T12:37:51Z;3145392529;8.249145;44.0386402999999
ALBENGA;SAVONA;Liguria;;2014;2014-10-23T12:37:51Z;3145392532;8.24522359999999;44.0482884999999
ANDORA;SAVONA;Liguria;;2014;2014-10-23T12:37:50Z;3145392517;8.14892049999999;43.9393247
ANDORA;SAVONA;Liguria;;2014;2014-10-23T12:37:50Z;3145392520;8.1665452;43.9451793
BERGEGGI;SAVONA;Liguria;;2014;2014-10-23T12:37:53Z;3145392567;8.4567254;44.2754242999999
BORGHETTO SANTO SPIRITO;SAVONA;Liguria;;2014;2014-10-23T12:37:51Z;3145392539;8.2526863;44.0993884
FINALE LIGURE;SAVONA;Liguria;;2014;2014-10-23T12:37:51Z;3145392541;8.39757799999999;44.1106996999999
FINALE LIGURE;SAVONA;Liguria;;2014;2014-10-23T12:37:52Z;3145392550;8.3540709;44.1605490999999
LAIGUEGLIA;SAVONA;Liguria;;2014;2014-10-23T12:37:50Z;3145392519;8.2094173;43.9444403999999
LAIGUEGLIA;SAVONA;Liguria;;2014;2014-10-23T12:37:50Z;3145392522;8.1824242;43.9583094999999
LOANO;SAVONA;Liguria;;2014;2014-10-23T12:37:52Z;3145392544;8.2675331;44.1230340999999
LOANO;SAVONA;Liguria;;2014;2014-10-23T12:37:52Z;3145392546;8.2868254;44.130935
NOLI;SAVONA;Liguria;;2014;2014-10-23T12:37:52Z;3145392554;8.4333047;44.1964156
SAVONA;SAVONA;Liguria;;2014;2014-10-23T12:37:53Z;3145392571;8.4921343;44.2874745
SAVONA;SAVONA;Liguria;;2014;2014-12-21T09:43:13Z;3145392580;8.5127766;44.316577
SPOTORNO;SAVONA;Liguria;;2014;2014-10-23T12:37:53Z;3145392557;8.4221895;44.2259159999999
VARAZZE;SAVONA;Liguria;;2014;2014-10-23T12:37:53Z;3145392566;8.6885517;44.2741738
VARAZZE;SAVONA;Liguria;;2014;2014-10-23T12:37:54Z;3145392586;8.5794662;44.3449406
VARAZZE;SAVONA;Liguria;;2014;2014-10-23T12:37:55Z;3145392587;8.6340089;44.3556834999999
ARENZANO;CITTA' METROPOLITANA DI GENOVA;Liguria;Haven;2016;2016-02-16T20:03:53Z;1610771994;8.699883;44.3738189999999
CAMOGLI;CITTA' METROPOLITANA DI GENOVA;Liguria;;2014;2014-10-23T12:37:54Z;3145392577;9.1352935;44.3115182
CAMOGLI;CITTA' METROPOLITANA DI GENOVA;Liguria;;2014;2014-10-23T12:37:54Z;3145392581;9.1269573;44.3172591
GENOVA;CITTA' METROPOLITANA DI GENOVA;Liguria;;2014;2014-10-23T12:37:55Z;3145392588;8.9916722;44.3565929
GENOVA;CITTA' METROPOLITANA DI GENOVA;Liguria;;2014;2014-10-23T12:37:55Z;3145392589;8.755559;44.3577865999999
GENOVA;CITTA' METROPOLITANA DI GENOVA;Liguria;;2014;2014-10-23T12:37:55Z;3145392590;8.9769055;44.3610833999999
GENOVA;CITTA' METROPOLITANA DI GENOVA;Liguria;;2014;2014-10-23T12:37:55Z;3145392591;8.9130739;44.3685862999999
GENOVA;CITTA' METROPOLITANA DI GENOVA;Liguria;;2014;2014-10-23T12:37:55Z;3145392593;8.7495253;44.3692116
GENOVA;CITTA' METROPOLITANA DI GENOVA;Liguria;;2014;2014-10-23T12:37:55Z;3145392594;8.8368567;44.3699505
GENOVA;CITTA' METROPOLITANA DI GENOVA;Liguria;;2014;2014-10-23T12:37:55Z;3145392595;8.9878616;44.3707463
GENOVA;CITTA' METROPOLITANA DI GENOVA;Liguria;;2014;2014-10-23T12:37:55Z;3145392596;8.8528147;44.3715420999999
GENOVA;CITTA' METROPOLITANA DI GENOVA;Liguria;;2014;2014-10-23T12:37:55Z;3145392597;8.8347928;44.3731336
GENOVA;CITTA' METROPOLITANA DI GENOVA;Liguria;;2014;2014-10-23T12:37:55Z;3145392598;8.9911169;44.3753504
GENOVA;CITTA' METROPOLITANA DI GENOVA;Liguria;;2014;2014-10-23T12:37:55Z;3145392599;8.8617069;44.3833081
GENOVA;CITTA' METROPOLITANA DI GENOVA;Liguria;;2014;2014-10-23T12:37:56Z;3145392601;8.8883033;44.3922889999999
LAVAGNA;CITTA' METROPOLITANA DI GENOVA;Liguria;;2014;2014-10-23T12:37:53Z;3145392565;9.33308929999999;44.2662849
LAVAGNA;CITTA' METROPOLITANA DI GENOVA;Liguria;;2014;2014-10-23T12:37:53Z;3145392570;9.3289323;44.2856622999999
MONEGLIA;CITTA' METROPOLITANA DI GENOVA;Liguria;;2014;2014-10-23T12:37:53Z;3145392555;9.4763523;44.2060911
MONEGLIA;CITTA' METROPOLITANA DI GENOVA;Liguria;;2014;2014-10-23T12:37:53Z;3145392556;9.4888787;44.2162750999999
MONEGLIA;CITTA' METROPOLITANA DI GENOVA;Liguria;;2014;2014-10-23T12:37:53Z;3145392558;9.4734189;44.229759
PORTOFINO;CITTA' METROPOLITANA DI GENOVA;Liguria;;2014;2014-10-23T12:37:53Z;3145392569;9.1830881;44.2850303999999
PORTOFINO;CITTA' METROPOLITANA DI GENOVA;Liguria;;2014;2014-10-23T12:37:54Z;3145392572;9.2080173;44.2985017
PORTOFINO;CITTA' METROPOLITANA DI GENOVA;Liguria;;2014;2014-10-23T12:37:54Z;3145392573;9.2157181;44.3029352
PORTOFINO;CITTA' METROPOLITANA DI GENOVA;Liguria;;2014;2014-10-23T12:37:54Z;3145392574;9.21667079999999;44.3050951999999
PORTOFINO;CITTA' METROPOLITANA DI GENOVA;Liguria;;2014;2014-10-23T12:37:54Z;3145392575;9.191583;44.3057773
PORTOFINO;CITTA' METROPOLITANA DI GENOVA;Liguria;;2014;2014-10-23T12:37:54Z;3145392576;9.22389579999999;44.3091877
PORTOFINO;CITTA' METROPOLITANA DI GENOVA;Liguria;Wreck `Mohawk Deer`;2012;2012-10-31T13:27:09Z;663869695;9.1902937;44.3081269999999
SANTA MARGHERITA LIGURE;CITTA' METROPOLITANA DI GENOVA;Liguria;;2014;2014-10-23T12:37:54Z;3145392578;9.22183139999999;44.314076
SANTA MARGHERITA LIGURE;CITTA' METROPOLITANA DI GENOVA;Liguria;;2014;2014-10-23T12:37:54Z;3145392582;9.2190524;44.3187369999999
SANTA MARGHERITA LIGURE;CITTA' METROPOLITANA DI GENOVA;Liguria;;2014;2014-10-23T12:37:54Z;3145392583;9.2268334;44.3229431999999
SANTA MARGHERITA LIGURE;CITTA' METROPOLITANA DI GENOVA;Liguria;;2014;2014-10-23T12:37:54Z;3145392584;9.222784;44.3268652
SANTA MARGHERITA LIGURE;CITTA' METROPOLITANA DI GENOVA;Liguria;Wrack `Genova`;2012;2012-10-31T13:26:29Z;663869696;9.2297166;44.3144332999999
SESTRI LEVANTE;CITTA' METROPOLITANA DI GENOVA;Liguria;;2014;2014-10-23T12:37:53Z;3145392559;9.4252945;44.2334001999999
SESTRI LEVANTE;CITTA' METROPOLITANA DI GENOVA;Liguria;;2014;2014-10-23T12:37:53Z;3145392560;9.37463329999999;44.2504114999999
SESTRI LEVANTE;CITTA' METROPOLITANA DI GENOVA;Liguria;;2014;2014-10-23T12:37:53Z;3145392561;9.3946918;44.2554181
SESTRI LEVANTE;CITTA' METROPOLITANA DI GENOVA;Liguria;;2014;2014-10-23T12:37:53Z;3145392563;9.38636709999999;44.2611075
SESTRI LEVANTE;CITTA' METROPOLITANA DI GENOVA;Liguria;;2014;2014-10-23T12:37:53Z;3145392564;9.3663086;44.2625868
ZOAGLI;CITTA' METROPOLITANA DI GENOVA;Liguria;;2014;2014-10-23T12:37:54Z;3145392579;9.2685141;44.3152127999999
ZOAGLI;CITTA' METROPOLITANA DI GENOVA;Liguria;;2014;2014-10-23T12:37:54Z;3145392585;9.2458875;44.3389154999999
BONASSOLA;LA SPEZIA;Liguria;;2014;2014-10-23T12:37:52Z;3145392552;9.56498979999999;44.1712149999999
FRAMURA;LA SPEZIA;Liguria;;2014;2014-10-23T12:37:52Z;3145392553;9.5315327;44.1866332999999
LA SPEZIA;LA SPEZIA;Liguria;;2014;2014-10-23T12:37:50Z;3145392525;9.7419471;44.0022968
LA SPEZIA;LA SPEZIA;Liguria;;2014;2014-10-23T12:37:51Z;3145392533;9.799744;44.0499739999999
LEVANTO;LA SPEZIA;Liguria;;2014;2014-10-23T12:37:52Z;3145392548;9.6016972;44.1488556999999
LEVANTO;LA SPEZIA;Liguria;;2014;2014-10-23T12:37:52Z;3145392549;9.60383749999999;44.1541467999999
MONTEROSSO AL MARE;LA SPEZIA;Liguria;;2014;2014-10-23T12:37:52Z;3145392543;9.6446161;44.1162874999999
MONTEROSSO AL MARE;LA SPEZIA;Liguria;;2014;2014-10-23T12:37:52Z;3145392545;9.6422103;44.1251309
PORTOVENERE;LA SPEZIA;Liguria;;2014;2014-10-23T12:37:50Z;3145392521;9.9013834;43.9506939999999
PORTOVENERE;LA SPEZIA;Liguria;;2014;2014-10-23T12:37:50Z;3145392521;9.9013834;43.9506939999999
PORTOVENERE;LA SPEZIA;Liguria;;2014;2014-10-23T12:37:50Z;3145392524;9.8877006;43.9799853
PORTOVENERE;LA SPEZIA;Liguria;;2014;2014-10-23T12:37:51Z;3145392528;9.85500339999999;44.0302885999999
PORTOVENERE;LA SPEZIA;Liguria;;2014;2014-10-23T12:37:51Z;3145392534;9.82662069999999;44.0506566999999
RIOMAGGIORE;LA SPEZIA;Liguria;;2014;2014-10-23T12:37:51Z;3145392535;9.7483693;44.0622061999999
VERNAZZA;LA SPEZIA;Liguria;;2014;2014-10-23T12:37:51Z;3145392530;9.657591;44.0400174999999
CAORLE;CITTA' METROPOLITANA DI VENEZIA;Veneto;;2014;2014-10-23T12:37:56Z;3145392612;12.9994802;45.3261655
CAORLE;CITTA' METROPOLITANA DI VENEZIA;Veneto;;2014;2014-10-23T12:37:57Z;3145392617;12.8818404;45.5941139999999
CAORLE;CITTA' METROPOLITANA DI VENEZIA;Veneto;;2014;2014-10-23T12:37:57Z;3145392619;12.9749075;45.5969118
IESOLO;CITTA' METROPOLITANA DI VENEZIA;Veneto;;2014;2014-10-23T12:37:56Z;3145392614;12.6493629999999;45.4281498
IESOLO;CITTA' METROPOLITANA DI VENEZIA;Veneto;;2014;2014-10-23T12:37:57Z;3145392616;12.6270048999999;45.4825941
VENEZIA;CITTA' METROPOLITANA DI VENEZIA;Veneto;;2014;2014-10-23T12:37:56Z;3145392611;12.4473309;45.3026897
VENEZIA;CITTA' METROPOLITANA DI VENEZIA;Veneto;;2014;2014-10-23T12:37:56Z;3145392611;12.4473309;45.3026897
VENEZIA;CITTA' METROPOLITANA DI VENEZIA;Veneto;;2014;2014-10-23T12:37:56Z;3145392613;12.4454943999999;45.3641334
VENEZIA;CITTA' METROPOLITANA DI VENEZIA;Veneto;;2014;2014-10-23T12:37:56Z;3145392613;12.4454943999999;45.3641334
CAVALLINO TREPORTI;CITTA' METROPOLITANA DI VENEZIA;Veneto;;2014;2014-10-23T12:37:56Z;3145392610;12.5844491;45.2878583999999
CAVALLINO TREPORTI;CITTA' METROPOLITANA DI VENEZIA;Veneto;;2014;2014-10-23T12:37:57Z;3145392615;12.5836292;45.4690863
PORTO TOLLE;ROVIGO;Veneto;;2014;2014-10-23T12:37:56Z;3145392607;12.6749075;45.0927066
PORTO TOLLE;ROVIGO;Veneto;;2014;2014-10-23T12:37:56Z;3145392608;12.9203595999999;45.1244121
ROSOLINA;ROVIGO;Veneto;;2014;2014-10-23T12:37:56Z;3145392609;12.4638022999999;45.1914931999999
MARANO LAGUNARE;UDINE;Friuli-Venezia Giulia;;2014;2014-10-23T12:37:57Z;3145392624;13.2153963999999;45.6871227999999
GRADO;GORIZIA;Friuli-Venezia Giulia;;2014;2014-10-23T12:37:57Z;3145392620;13.5042208;45.6020872
GRADO;GORIZIA;Friuli-Venezia Giulia;;2014;2014-10-23T12:37:57Z;3145392621;13.2417514;45.6259244
GRADO;GORIZIA;Friuli-Venezia Giulia;;2014;2014-10-23T12:37:57Z;3145392623;13.267134;45.6626055999999
MUGGIA;TRIESTE;Friuli-Venezia Giulia;;2014;2014-10-23T12:37:57Z;3145392618;13.7164644;45.5965718
TRIESTE;TRIESTE;Friuli-Venezia Giulia;;2014;2014-10-23T12:37:57Z;3145392622;13.7302899;45.6488926999999
COMACCHIO;FERRARA;Emilia-Romagna;;2014;2014-10-23T12:37:56Z;3145392605;12.3028335;44.7013474999999
GORO;FERRARA;Emilia-Romagna;;2014;2014-10-23T12:37:56Z;3145392606;12.4056797;44.7108685999999
RAVENNA;RAVENNA;Emilia-Romagna;;2014;2014-10-23T12:37:55Z;3145392600;12.5813568;44.3850348
RAVENNA;RAVENNA;Emilia-Romagna;;2014;2014-10-23T12:37:56Z;3145392602;12.3799816;44.4750072
RAVENNA;RAVENNA;Emilia-Romagna;;2014;2014-10-23T12:37:56Z;3145392603;12.3579751;44.4950565999999
RAVENNA;RAVENNA;Emilia-Romagna;;2014;2014-10-23T12:37:56Z;3145392604;12.3386914999999;44.5131919999999
CESENATICO;FORLI';Emilia-Romagna;;2014;2014-10-23T12:37:55Z;3145392592;12.5843849999999;44.3690529
FANO;PESARO E URBINO;Marche;;2014;2014-10-23T12:37:50Z;3145392512;13.0651752;43.8514638999999
FANO;PESARO E URBINO;Marche;;2014;2014-10-23T12:37:50Z;3145392518;13.2071276999999;43.94039
FANO;PESARO E URBINO;Marche;;2014;2014-10-23T12:37:50Z;3145392523;13.109498;43.9635796
MONDOLFO;PESARO E URBINO;Marche;;2014;2014-10-23T12:37:51Z;3145392536;13.3180707;44.0724947
PESARO;PESARO E URBINO;Marche;;2014;2014-10-23T12:37:53Z;3145392568;12.8328409;44.2836651
PESARO;PESARO E URBINO;Marche;Isola delle Rose;2016;2016-02-09T10:57:37Z;3997091093;13.0682373;44.1033654
ANCONA;ANCONA;Marche;;2014;2014-10-23T12:37:48Z;3145392486;13.6073398;43.5606348
ANCONA;ANCONA;Marche;;2014;2014-10-23T12:37:48Z;3145392487;13.5931365999999;43.5730867999999
ANCONA;ANCONA;Marche;;2014;2014-10-23T12:37:48Z;3145392490;13.5515535;43.6193692
ANCONA;ANCONA;Marche;;2014;2014-10-23T12:37:49Z;3145392496;13.5268554;43.7092619
ANCONA;ANCONA;Marche;;2014;2014-10-23T12:37:49Z;3145392503;13.6351315;43.7872400999999
ANCONA;ANCONA;Marche;;2014;2014-12-21T09:43:13Z;3145392493;13.4817215;43.7009036999999
FALCONARA MARITTIMA;ANCONA;Marche;;2014;2014-10-23T12:37:49Z;3145392491;13.4152577999999;43.6528214
FALCONARA MARITTIMA;ANCONA;Marche;;2014;2014-10-23T12:37:49Z;3145392498;13.3983174999999;43.7341088
MONTEMARCIANO;ANCONA;Marche;;2014;2014-10-23T12:37:49Z;3145392492;13.3062336;43.6750902
NUMANA;ANCONA;Marche;;2014;2014-10-23T12:37:48Z;3145392483;13.6644094;43.4992177999999
NUMANA;ANCONA;Marche;;2014;2014-10-23T12:37:48Z;3145392484;13.6818273;43.5171384
SIROLO;ANCONA;Marche;;2014;2014-10-23T12:37:48Z;3145392489;13.9157397;43.6171863
PORTO RECANATI;MACERATA;Marche;;2014;2014-10-23T12:37:47Z;3145392476;13.6809312;43.4155988999999
PORTO RECANATI;MACERATA;Marche;;2014;2014-10-23T12:37:48Z;3145392477;13.6778818999999;43.4379911999999
PORTO RECANATI;MACERATA;Marche;;2014;2014-10-23T12:37:48Z;3145392480;13.7340231;43.474896
PORTO RECANATI;MACERATA;Marche;;2014;2014-10-23T12:37:48Z;3145392482;13.7245615999999;43.4837962
PORTO RECANATI;MACERATA;Marche;;2014;2014-12-21T09:43:13Z;3145392479;13.7038411;43.4425829999999
VIAREGGIO;LUCCA;Toscana;;2014;2014-10-23T12:37:49Z;3145392504;10.1663444;43.8011197
VIAREGGIO;LUCCA;Toscana;;2014;2014-10-23T12:37:50Z;3145392511;10.1422424;43.8343458
VIAREGGIO;LUCCA;Toscana;;2014;2014-10-23T12:37:50Z;3145392513;10.2255682;43.8667753
CAPOLIVERI;LIVORNO;Toscana;;2012;2012-10-31T13:51:05Z;847831772;10.3919311;42.7596466999999
CAPOLIVERI;LIVORNO;Toscana;;2014;2014-10-23T12:37:45Z;3145392440;10.3391601;42.7413158
CAPOLIVERI;LIVORNO;Toscana;;2014;2014-10-23T12:37:45Z;3145392442;10.3899445;42.7597401
CASTAGNETO CARDUCCI;LIVORNO;Toscana;;2014;2014-10-23T12:37:46Z;3145392457;10.5086788;43.1199087999999
CASTAGNETO CARDUCCI;LIVORNO;Toscana;;2014;2014-10-23T12:37:46Z;3145392458;10.5317004999999;43.1228039
CASTAGNETO CARDUCCI;LIVORNO;Toscana;;2014;2014-10-23T12:37:46Z;3145392459;10.4779833;43.1498248999999
CASTAGNETO CARDUCCI;LIVORNO;Toscana;;2014;2014-10-23T12:37:46Z;3145392461;10.4828265999999;43.1513516999999
CECINA;LIVORNO;Toscana;;2014;2014-10-23T12:37:47Z;3145392465;10.4371863;43.2398000999999
LIVORNO;LIVORNO;Toscana;;2014;2014-10-23T12:37:48Z;3145392478;10.2163656;43.4389942999999
LIVORNO;LIVORNO;Toscana;;2014;2014-10-23T12:37:48Z;3145392481;10.0518255;43.4785951
LIVORNO;LIVORNO;Toscana;;2014;2014-10-23T12:37:48Z;3145392485;10.2793227;43.5239173
LIVORNO;LIVORNO;Toscana;;2014;2014-10-23T12:37:48Z;3145392488;10.1874708;43.5953864999999
MARCIANA;LIVORNO;Toscana;;2014;2014-10-23T12:37:45Z;3145392444;10.083069;42.8109754999999
MARCIANA MARINA;LIVORNO;Toscana;;2014;2014-10-23T12:37:45Z;3145392443;10.1744126;42.8078033999999
PIOMBINO;LIVORNO;Toscana;;2014;2014-10-23T12:37:46Z;3145392451;10.5342474999999;42.8987181999999
PIOMBINO;LIVORNO;Toscana;;2014;2014-10-23T12:37:46Z;3145392453;10.5506598999999;42.9084989999999
PIOMBINO;LIVORNO;Toscana;;2014;2014-10-23T12:37:46Z;3145392455;10.3134639;43.074609
ROSIGNANO MARITTIMO;LIVORNO;Toscana;;2014;2014-10-23T12:37:47Z;3145392468;10.2649931;43.2680699
ROSIGNANO MARITTIMO;LIVORNO;Toscana;;2014;2014-10-23T12:37:47Z;3145392469;10.2147197;43.2706506
ROSIGNANO MARITTIMO;LIVORNO;Toscana;;2014;2014-10-23T12:37:47Z;3145392470;10.2740763;43.2754495
ROSIGNANO MARITTIMO;LIVORNO;Toscana;;2014;2014-10-23T12:37:47Z;3145392472;10.3479183999999;43.2866892999999
ROSIGNANO MARITTIMO;LIVORNO;Toscana;;2014;2014-10-23T12:37:47Z;3145392473;10.4285725;43.3302861
ROSIGNANO MARITTIMO;LIVORNO;Toscana;;2014;2014-10-23T12:37:47Z;3145392475;10.4107971;43.3999388
SAN VINCENZO;LIVORNO;Toscana;;2014;2014-10-23T12:37:46Z;3145392456;10.4389869;43.1091799
PISA;PISA;Toscana;;2014;2014-10-23T12:37:49Z;3145392494;10.2767386999999;43.7031295999999
PISA;PISA;Toscana;;2014;2014-10-23T12:37:49Z;3145392495;10.2755642;43.7075006999999
PISA;PISA;Toscana;;2014;2014-10-23T12:37:49Z;3145392497;10.1844097;43.7286525999999
SAN GIULIANO TERME;PISA;Toscana;;2014;2014-10-23T12:37:49Z;3145392499;10.2327829;43.7497443999999
VECCHIANO;PISA;Toscana;;2014;2014-10-23T12:37:49Z;3145392502;10.2167678;43.7860427999999
CASTIGLIONE DELLA PESCAIA;GROSSETO;Toscana;;2014;2014-10-23T12:37:45Z;3145392445;10.7242256;42.8121696999999
CASTIGLIONE DELLA PESCAIA;GROSSETO;Toscana;;2014;2014-10-23T12:37:46Z;3145392446;10.7401734;42.8239975999999
CASTIGLIONE DELLA PESCAIA;GROSSETO;Toscana;;2014;2014-10-23T12:37:46Z;3145392447;10.6504484;42.8510653
FOLLONICA;GROSSETO;Toscana;;2014;2014-10-23T12:37:46Z;3145392452;10.738772;42.9002722
GROSSETO;GROSSETO;Toscana;;2014;2014-10-23T12:37:45Z;3145392439;10.9312354;42.7361410999999
ISOLA DEL GIGLIO;GROSSETO;Toscana;;2014;2014-10-23T12:37:43Z;3145392412;11.3165774;42.1701567
ISOLA DEL GIGLIO;GROSSETO;Toscana;;2014;2014-10-23T12:37:44Z;3145392419;11.1060804999999;42.2620419
ISOLA DEL GIGLIO;GROSSETO;Toscana;;2014;2014-10-23T12:37:44Z;3145392421;11.1454574999999;42.2742173999999
ISOLA DEL GIGLIO;GROSSETO;Toscana;;2014;2014-10-23T12:37:44Z;3145392429;10.84273;42.4564432
MAGLIANO IN TOSCANA;GROSSETO;Toscana;;2014;2014-10-23T12:37:45Z;3145392437;11.0640546;42.6173928999999
MONTE ARGENTARIO;GROSSETO;Toscana;;2014;2014-10-23T12:37:44Z;3145392423;11.0192007;42.3600895
MONTE ARGENTARIO;GROSSETO;Toscana;;2014;2014-10-23T12:37:44Z;3145392426;11.2225962;42.3857883
MONTE ARGENTARIO;GROSSETO;Toscana;;2014;2014-10-23T12:37:44Z;3145392428;11.2156197;42.3986300999999
MONTE ARGENTARIO;GROSSETO;Toscana;;2014;2014-10-23T12:37:45Z;3145392431;11.1112639;42.4740364
MONTE ARGENTARIO;GROSSETO;Toscana;;2014;2014-10-23T12:37:45Z;3145392432;11.0612434;42.4855819
MONTE ARGENTARIO;GROSSETO;Toscana;;2014;2014-10-23T12:37:45Z;3145392433;11.1202904999999;42.4917615
ORBETELLO;GROSSETO;Toscana;;2014;2014-10-23T12:37:44Z;3145392424;11.2767049;42.3772462
ORBETELLO;GROSSETO;Toscana;;2014;2014-10-23T12:37:44Z;3145392425;11.2725857;42.381635
ORBETELLO;GROSSETO;Toscana;;2014;2014-10-23T12:37:45Z;3145392434;11.1506314999999;42.5472354999999
ORBETELLO;GROSSETO;Toscana;;2014;2014-10-23T12:37:45Z;3145392435;11.0606744;42.5674226
MONTALTO DI CASTRO;VITERBO;Lazio;;2014;2014-10-23T12:37:44Z;3145392417;11.5538377;42.2444613999999
TARQUINIA;VITERBO;Lazio;;2014;2014-10-23T12:37:43Z;3145392413;11.5691266;42.1816657999999
TARQUINIA;VITERBO;Lazio;;2014;2014-10-23T12:37:44Z;3145392416;11.6847352;42.235472
ANZIO;CITTA' METROPOLITANA DI ROMA CAPITALE;Lazio;;2014;2014-10-23T12:37:41Z;3145392362;12.549246;41.3340036
ANZIO;CITTA' METROPOLITANA DI ROMA CAPITALE;Lazio;;2014;2014-10-23T12:37:41Z;3145392366;12.6174142;41.4001256999999
ANZIO;CITTA' METROPOLITANA DI ROMA CAPITALE;Lazio;;2014;2014-10-23T12:37:41Z;3145392369;12.6173479;41.4442574999999
CIVITAVECCHIA;CITTA' METROPOLITANA DI ROMA CAPITALE;Lazio;;2014;2014-10-23T12:37:43Z;3145392398;11.6504633;41.9827520999999
CIVITAVECCHIA;CITTA' METROPOLITANA DI ROMA CAPITALE;Lazio;;2014;2014-10-23T12:37:43Z;3145392402;11.7720877;42.042724
CIVITAVECCHIA;CITTA' METROPOLITANA DI ROMA CAPITALE;Lazio;;2014;2014-10-23T12:37:43Z;3145392403;11.7826388;42.0569357999999
CIVITAVECCHIA;CITTA' METROPOLITANA DI ROMA CAPITALE;Lazio;;2014;2014-10-23T12:37:43Z;3145392405;11.7054683;42.0699783999999
CIVITAVECCHIA;CITTA' METROPOLITANA DI ROMA CAPITALE;Lazio;;2014;2014-10-23T12:37:43Z;3145392406;11.7489154;42.0819620999999
CIVITAVECCHIA;CITTA' METROPOLITANA DI ROMA CAPITALE;Lazio;;2014;2014-10-23T12:37:43Z;3145392409;11.7235733;42.1511538
NETTUNO;CITTA' METROPOLITANA DI ROMA CAPITALE;Lazio;;2014;2014-10-23T12:37:41Z;3145392363;12.7399094;41.3529303999999
NETTUNO;CITTA' METROPOLITANA DI ROMA CAPITALE;Lazio;;2014;2014-10-23T12:37:41Z;3145392365;12.7555341;41.3711532
POMEZIA;CITTA' METROPOLITANA DI ROMA CAPITALE;Lazio;;2014;2014-10-23T12:37:41Z;3145392376;12.4159393;41.5527074999999
POMEZIA;CITTA' METROPOLITANA DI ROMA CAPITALE;Lazio;;2014;2014-10-23T12:37:41Z;3145392377;12.4420503999999;41.5596492
POMEZIA;CITTA' METROPOLITANA DI ROMA CAPITALE;Lazio;;2014;2014-10-23T12:37:42Z;3145392380;12.4505249;41.6179709999999
ROMA;CITTA' METROPOLITANA DI ROMA CAPITALE;Lazio;;2014;2014-10-23T12:37:41Z;3145392375;12.278816;41.5451967999999
ROMA;CITTA' METROPOLITANA DI ROMA CAPITALE;Lazio;;2014;2014-10-23T12:37:41Z;3145392375;12.278816;41.5451967999999
ROMA;CITTA' METROPOLITANA DI ROMA CAPITALE;Lazio;;2014;2014-10-23T12:37:42Z;3145392378;12.3613496;41.6178572
ROMA;CITTA' METROPOLITANA DI ROMA CAPITALE;Lazio;;2014;2014-10-23T12:37:42Z;3145392378;12.3613496;41.6178572
ROMA;CITTA' METROPOLITANA DI ROMA CAPITALE;Lazio;;2014;2014-10-23T12:37:42Z;3145392379;12.3669227999999;41.6178572
ROMA;CITTA' METROPOLITANA DI ROMA CAPITALE;Lazio;;2014;2014-10-23T12:37:42Z;3145392379;12.3669227999999;41.6178572
ROMA;CITTA' METROPOLITANA DI ROMA CAPITALE;Lazio;;2014;2014-10-23T12:37:42Z;3145392381;12.349785;41.6506485999999
ROMA;CITTA' METROPOLITANA DI ROMA CAPITALE;Lazio;;2014;2014-10-23T12:37:42Z;3145392381;12.349785;41.6506485999999
ROMA;CITTA' METROPOLITANA DI ROMA CAPITALE;Lazio;;2014;2014-10-23T12:37:42Z;3145392384;12.285306;41.7186827
ROMA;CITTA' METROPOLITANA DI ROMA CAPITALE;Lazio;;2014;2014-10-23T12:37:42Z;3145392384;12.285306;41.7186827
SANTA MARINELLA;CITTA' METROPOLITANA DI ROMA CAPITALE;Lazio;;2014;2014-10-23T12:37:42Z;3145392393;11.7597951999999;41.8752694
SANTA MARINELLA;CITTA' METROPOLITANA DI ROMA CAPITALE;Lazio;;2014;2014-10-23T12:37:42Z;3145392394;11.7835398;41.8848854
SANTA MARINELLA;CITTA' METROPOLITANA DI ROMA CAPITALE;Lazio;;2014;2014-10-23T12:37:42Z;3145392395;11.8383582999999;41.9002482
SANTA MARINELLA;CITTA' METROPOLITANA DI ROMA CAPITALE;Lazio;;2014;2014-10-23T12:37:43Z;3145392399;11.96777;41.9912301
SANTA MARINELLA;CITTA' METROPOLITANA DI ROMA CAPITALE;Lazio;;2014;2014-10-23T12:37:43Z;3145392400;11.8115599;42.0117708
ARDEA;CITTA' METROPOLITANA DI ROMA CAPITALE;Lazio;;2014;2014-10-23T12:37:41Z;3145392372;12.4981667;41.5153247
ARDEA;CITTA' METROPOLITANA DI ROMA CAPITALE;Lazio;;2014;2014-10-23T12:37:41Z;3145392373;12.4578547;41.5232336999999
ARDEA;CITTA' METROPOLITANA DI ROMA CAPITALE;Lazio;;2014;2014-10-23T12:37:41Z;3145392374;12.445181;41.5272166
FIUMICINO;CITTA' METROPOLITANA DI ROMA CAPITALE;Lazio;;2014;2014-10-23T12:37:42Z;3145392383;12.1170326999999;41.6764634
FIUMICINO;CITTA' METROPOLITANA DI ROMA CAPITALE;Lazio;;2014;2014-10-23T12:37:42Z;3145392385;12.2068954;41.7289814
FIUMICINO;CITTA' METROPOLITANA DI ROMA CAPITALE;Lazio;;2014;2014-10-23T12:37:42Z;3145392386;12.0647337;41.7428649
FIUMICINO;CITTA' METROPOLITANA DI ROMA CAPITALE;Lazio;;2014;2014-10-23T12:37:42Z;3145392388;12.0770256;41.8014711
FIUMICINO;CITTA' METROPOLITANA DI ROMA CAPITALE;Lazio;;2014;2014-10-23T12:37:42Z;3145392389;12.1666595999999;41.8055109
FIUMICINO;CITTA' METROPOLITANA DI ROMA CAPITALE;Lazio;;2014;2014-10-23T12:37:42Z;3145392390;12.1916253;41.838797
FIUMICINO;CITTA' METROPOLITANA DI ROMA CAPITALE;Lazio;;2014;2014-10-23T12:37:42Z;3145392392;12.1781117;41.8610446
GAETA;LATINA;Lazio;;2014;2014-10-23T12:37:40Z;3145392346;13.6196401999999;41.1959797
GAETA;LATINA;Lazio;;2014;2014-10-23T12:37:40Z;3145392347;13.5645453;41.1975155
GAETA;LATINA;Lazio;;2014;2014-10-23T12:37:40Z;3145392350;13.4910348;41.2322125
MINTURNO;LATINA;Lazio;;2014;2014-10-23T12:37:39Z;3145392343;13.6981316999999;41.1280651
PONZA;LATINA;Lazio;;2014;2014-10-23T12:37:38Z;3145392330;12.9341890999999;40.9078936
PONZA;LATINA;Lazio;;2014;2014-10-23T12:37:39Z;3145392332;12.9445248;40.9218452
PONZA;LATINA;Lazio;;2014;2014-10-23T12:37:39Z;3145392335;13.2646166999999;40.9582770999999
PONZA;LATINA;Lazio;;2015;2015-06-23T00:27:30Z;3145392334;12.9633523;40.9304035999999
TERRACINA;LATINA;Lazio;;2014;2014-10-23T12:37:40Z;3145392352;13.1740493999999;41.2406877
TERRACINA;LATINA;Lazio;;2014;2014-10-23T12:37:40Z;3145392357;13.1439223;41.2588647999999
TERRACINA;LATINA;Lazio;;2014;2014-10-23T12:37:41Z;3145392360;13.2350309;41.2696966999999
ANACAPRI;CITTA' METROPOLITANA DI NAPOLI;Campania;;2014;2014-10-23T12:37:35Z;3145391880;14.2258242;40.3588207999999
ANACAPRI;CITTA' METROPOLITANA DI NAPOLI;Campania;;2014;2014-10-23T12:37:36Z;3145391893;14.1622860999999;40.5205701
ANACAPRI;CITTA' METROPOLITANA DI NAPOLI;Campania;;2014;2014-10-23T12:37:36Z;3145391895;14.1469465;40.5517218
ANACAPRI;CITTA' METROPOLITANA DI NAPOLI;Campania;;2014;2014-10-23T12:37:36Z;3145391898;14.1387506;40.5822458999999
BACOLI;CITTA' METROPOLITANA DI NAPOLI;Campania;;2013;2013-08-25T09:18:57Z;2430333399;14.0778131;40.81382
BACOLI;CITTA' METROPOLITANA DI NAPOLI;Campania;;2014;2014-10-23T12:37:37Z;3145391914;14.0973194;40.7565470999999
CAPRI;CITTA' METROPOLITANA DI NAPOLI;Campania;;2014;2014-10-23T12:37:36Z;3145391890;14.3003401;40.4499938
CAPRI;CITTA' METROPOLITANA DI NAPOLI;Campania;;2014;2014-10-23T12:37:36Z;3145391891;14.2830458;40.4839411
MASSA LUBRENSE;CITTA' METROPOLITANA DI NAPOLI;Campania;;2014;2014-10-23T12:37:37Z;3145391902;14.3266576;40.6160221
NAPOLI;CITTA' METROPOLITANA DI NAPOLI;Campania;;2014;2014-10-23T12:37:38Z;3145391916;14.2770305;40.7905514999999
NAPOLI;CITTA' METROPOLITANA DI NAPOLI;Campania;;2014;2014-10-23T12:37:38Z;3145391918;14.2044693;40.7932331
NAPOLI;CITTA' METROPOLITANA DI NAPOLI;Campania;;2014;2014-10-23T12:37:38Z;3145391919;14.2739473;40.7932901
NAPOLI;CITTA' METROPOLITANA DI NAPOLI;Campania;;2014;2014-10-23T12:37:38Z;3145391921;14.271466;40.826667
PROCIDA;CITTA' METROPOLITANA DI NAPOLI;Campania;;2014;2014-10-23T12:37:38Z;3145391915;14.0339314;40.7789124
SERRARA FONTANA;CITTA' METROPOLITANA DI NAPOLI;Campania;;2014;2014-10-23T12:37:37Z;3145391907;13.8925689;40.6738752999999
VICO EQUENSE;CITTA' METROPOLITANA DI NAPOLI;Campania;;2014;2014-10-23T12:37:37Z;3145391911;14.4316633;40.6847807999999
AGROPOLI;SALERNO;Campania;;2014;2014-10-23T12:37:35Z;3145391878;14.9794827;40.3542564999999
AGROPOLI;SALERNO;Campania;;2014;2014-10-23T12:37:35Z;3145391881;14.9799334;40.3607607
AGROPOLI;SALERNO;Campania;;2014;2014-10-23T12:37:35Z;3145391882;14.9676022;40.3619017999999
CAMEROTA;SALERNO;Campania;;2014;2014-10-23T12:37:34Z;3145391855;15.3168384999999;40.0035530999999
CAPACCIO PAESTUM;SALERNO;Campania;;2014;2014-10-23T12:37:36Z;3145391883;14.9724968999999;40.3939475
CAPACCIO PAESTUM;SALERNO;Campania;;2014;2014-10-23T12:37:36Z;3145391884;14.9708298;40.405614
CAPACCIO PAESTUM;SALERNO;Campania;;2014;2014-10-23T12:37:36Z;3145391885;14.9458303;40.4106142999999
CAPACCIO PAESTUM;SALERNO;Campania;;2014;2014-10-23T12:37:36Z;3145391888;14.9658724;40.4320786999999
CENTOLA;SALERNO;Campania;;2014;2014-10-23T12:37:34Z;3145391858;15.2832492;40.0350706999999
CONCA DEI MARINI;SALERNO;Campania;;2014;2014-10-23T12:37:36Z;3145391894;14.6156238999999;40.5511512
MAIORI;SALERNO;Campania;;2014;2014-10-23T12:37:36Z;3145391896;14.7096901;40.5754564
MAIORI;SALERNO;Campania;;2014;2014-10-23T12:37:37Z;3145391899;14.7502946;40.5930291999999
POLLICA;SALERNO;Campania;;2014;2014-10-23T12:37:34Z;3145391862;14.9504267;40.10669
POLLICA;SALERNO;Campania;;2014;2014-10-23T12:37:35Z;3145391868;15.0182845999999;40.1729576999999
POSITANO;SALERNO;Campania;;2014;2014-10-23T12:37:37Z;3145391900;14.4920823;40.5933143999999
SALERNO;SALERNO;Campania;;2014;2014-10-23T12:37:37Z;3145391901;14.8058302;40.5989474
SALERNO;SALERNO;Campania;;2014;2014-10-23T12:37:37Z;3145391903;14.782552;40.6165925999999
SAN GIOVANNI A PIRO;SALERNO;Campania;;2014;2014-10-23T12:37:33Z;3145391849;15.550072;39.9343596
GIULIANOVA;TERAMO;Abruzzo;;2014;2014-10-23T12:37:45Z;3145392441;13.9923552;42.7589575
MARTINSICURO;TERAMO;Abruzzo;;2014;2014-10-23T12:37:46Z;3145392450;13.9248876999999;42.8972879
MARTINSICURO;TERAMO;Abruzzo;;2014;2014-10-23T12:37:46Z;3145392450;13.9248876999999;42.8972879
MONTESILVANO;PESCARA;Abruzzo;;2014;2014-10-23T12:37:45Z;3145392438;14.2298724;42.6506969
FOSSACESIA;CHIETI;Abruzzo;;2014;2014-10-23T12:37:44Z;3145392418;14.511912;42.2604504
ORTONA;CHIETI;Abruzzo;;2014;2014-10-23T12:37:44Z;3145392427;14.4027938;42.3894384
ORTONA;CHIETI;Abruzzo;;2014;2014-10-23T12:37:44Z;3145392430;14.4244648;42.4624443
ORTONA;CHIETI;Abruzzo;;2014;2014-10-23T12:37:45Z;3145392436;14.6981723;42.5830909
ROCCA SAN GIOVANNI;CHIETI;Abruzzo;;2014;2014-10-23T12:37:44Z;3145392422;14.5913062;42.3356982
VASTO;CHIETI;Abruzzo;;2014;2014-10-23T12:37:43Z;3145392410;14.7583485;42.1548173999999
VASTO;CHIETI;Abruzzo;;2014;2014-10-23T12:37:44Z;3145392420;14.8717331;42.2626464
MONTENERO DI BISACCIA;CAMPOBASSO;Molise;;2014;2014-10-23T12:37:43Z;3145392404;14.8188996999999;42.0636464
MONTENERO DI BISACCIA;CAMPOBASSO;Molise;;2014;2014-10-23T12:37:44Z;3145392415;14.9208124;42.2307299
TERMOLI;CAMPOBASSO;Molise;;2014;2014-10-23T12:37:43Z;3145392401;15.0394409;42.0419601999999
TERMOLI;CAMPOBASSO;Molise;;2014;2014-10-23T12:37:43Z;3145392408;15.0634491;42.1232769
CHIEUTI;FOGGIA;Puglia;;2014;2014-10-23T12:37:43Z;3145392397;15.2154121999999;41.9515721
ISOLE TREMITI;FOGGIA;Puglia;;2014;2014-10-23T12:37:43Z;3145392411;15.3089914;42.1659350999999
MONTE SANT'ANGELO;FOGGIA;Puglia;;2014;2014-10-23T12:37:42Z;3145392382;15.9949660999999;41.6533475
VIESTE;FOGGIA;Puglia;;2014;2014-10-23T12:37:42Z;3145392387;16.2660597;41.7756479
VIESTE;FOGGIA;Puglia;;2014;2014-10-23T12:37:42Z;3145392391;16.4865114999999;41.8452704999999
VIESTE;FOGGIA;Puglia;;2014;2014-10-23T12:37:42Z;3145392396;16.3669471;41.9504439
GIOVINAZZO;CITTA' METROPOLITANA DI BARI;Puglia;;2014;2014-10-23T12:37:40Z;3145392348;16.7282994;41.2256807999999
GIOVINAZZO;CITTA' METROPOLITANA DI BARI;Puglia;;2014;2014-10-23T12:37:41Z;3145392370;16.7666496999999;41.4510906
MOLFETTA;CITTA' METROPOLITANA DI BARI;Puglia;;2014;2014-10-23T12:37:40Z;3145392356;16.6481740999999;41.2521308
MOLFETTA;CITTA' METROPOLITANA DI BARI;Puglia;;2014;2014-10-23T12:37:41Z;3145392359;16.6302625999999;41.2687487999999
MONOPOLI;CITTA' METROPOLITANA DI BARI;Puglia;;2014;2014-10-23T12:37:39Z;3145392338;17.2673750999999;40.9746656
POLIGNANO A MARE;CITTA' METROPOLITANA DI BARI;Puglia;;2014;2014-10-23T12:37:39Z;3145392340;17.2581673;40.9980267999999
MANDURIA;TARANTO;Puglia;;2014;2014-10-23T12:37:35Z;3145391875;17.7416173999999;40.2585339999999
MARUGGIO;TARANTO;Puglia;;2014;2014-10-23T12:37:35Z;3145391876;17.4920857;40.268504
PULSANO;TARANTO;Puglia;;2014;2014-10-23T12:37:35Z;3145391877;17.358387;40.3422259
TARANTO;TARANTO;Puglia;;2015;2015-04-16T14:44:00Z;3145391886;17.1883744;40.4165005999999
TARANTO;TARANTO;Puglia;;2015;2015-04-16T14:44:00Z;3145391886;17.1883744;40.4165005999999
TARANTO;TARANTO;Puglia;;2015;2015-04-16T14:44:00Z;3145391889;17.1216523;40.4405962
TARANTO;TARANTO;Puglia;;2015;2015-04-16T14:44:00Z;3145391889;17.1216523;40.4405962
BRINDISI;BRINDISI;Puglia;;2014;2014-10-23T12:37:37Z;3145391904;18.0582092;40.6173702999999
BRINDISI;BRINDISI;Puglia;;2014;2014-10-23T12:37:37Z;3145391905;18.0470362;40.6535794999999
BRINDISI;BRINDISI;Puglia;;2014;2014-10-23T12:37:37Z;3145391908;17.9862217;40.6780606
BRINDISI;BRINDISI;Puglia;;2014;2014-10-23T12:37:37Z;3145391909;18.0156166999999;40.6832415
BRINDISI;BRINDISI;Puglia;;2014;2014-10-23T12:37:37Z;3145391910;17.9714494;40.6845508999999
BRINDISI;BRINDISI;Puglia;;2014;2014-10-23T12:37:37Z;3145391912;17.9831474;40.6918383
BRINDISI;BRINDISI;Puglia;;2014;2014-10-23T12:37:37Z;3145391913;17.9173842999999;40.7237775999999
BRINDISI;BRINDISI;Puglia;;2014;2014-10-23T12:37:40Z;3145392345;18.0831562999999;41.1838910999999
FASANO;BRINDISI;Puglia;;2014;2014-10-23T12:37:38Z;3145391924;17.5128115999999;40.8710784
OSTUNI;BRINDISI;Puglia;;2014;2014-10-23T12:37:38Z;3145391917;17.6225680999999;40.7923535999999
OSTUNI;BRINDISI;Puglia;;2014;2014-10-23T12:37:38Z;3145391920;17.6084399;40.8086074
OSTUNI;BRINDISI;Puglia;;2014;2014-10-23T12:37:38Z;3145391923;17.5805195;40.8642886
OSTUNI;BRINDISI;Puglia;;2014;2014-10-23T12:37:38Z;3145391927;17.5810384;40.8983142
OSTUNI;BRINDISI;Puglia;;2014;2014-10-23T12:37:39Z;3145392339;17.6966977999999;40.9756858
SAN PIETRO VERNOTICO;BRINDISI;Puglia;;2014;2014-10-23T12:37:36Z;3145391897;18.0760559;40.5759231999999
CASTRIGNANO DEL CAPO;LECCE;Puglia;;2014;2014-10-23T12:37:33Z;3145391842;18.3075142;39.7624258999999
GALLIPOLI;LECCE;Puglia;;2014;2014-10-23T12:37:33Z;3145391848;17.8010325;39.9235073999999
GALLIPOLI;LECCE;Puglia;;2014;2014-10-23T12:37:34Z;3145391854;17.9954903;39.9768406999999
GALLIPOLI;LECCE;Puglia;;2014;2014-10-23T12:37:34Z;3145391860;17.9043961;40.0895408
LECCE;LECCE;Puglia;;2014;2014-10-23T12:37:36Z;3145391892;18.2069824999999;40.5175101999999
NARDO';LECCE;Puglia;;2014;2014-10-23T12:37:34Z;3145391864;17.7960503999999;40.1263105999999
NARDO';LECCE;Puglia;;2014;2014-10-23T12:37:35Z;3145391865;17.8080228;40.1403127999999
NARDO';LECCE;Puglia;;2014;2014-10-23T12:37:35Z;3145391869;17.9061066;40.1745780999999
NARDO';LECCE;Puglia;;2014;2014-10-23T12:37:35Z;3145391870;17.8434190999999;40.1803839
OTRANTO;LECCE;Puglia;;2014;2014-10-23T12:37:34Z;3145391859;18.5663698;40.0572106999999
OTRANTO;LECCE;Puglia;;2014;2014-10-23T12:37:34Z;3145391861;18.5050206;40.0902237999999
OTRANTO;LECCE;Puglia;;2014;2014-10-23T12:37:35Z;3145391866;18.5076235;40.1548272
OTRANTO;LECCE;Puglia;;2014;2014-10-23T12:37:35Z;3145391867;18.5255444999999;40.1631373999999
CASTRO;LECCE;Puglia;;2014;2014-10-23T12:37:34Z;3145391853;18.454255;39.9723442
PORTO CESAREO;LECCE;Puglia;;2014;2014-10-23T12:37:35Z;3145391872;17.8418573;40.1932477
MARATEA;POTENZA;Basilicata;;2014;2014-10-23T12:37:34Z;3145391851;15.7206449;39.9524637
MARATEA;POTENZA;Basilicata;;2014;2014-10-23T12:37:34Z;3145391852;15.7089763;39.9669242
BONIFATI;COSENZA;Calabria;;2014;2014-10-23T12:37:33Z;3145391837;15.8657545;39.4720172
CETRARO;COSENZA;Calabria;;2014;2014-10-23T12:37:33Z;3145391838;15.9303405999999;39.5172656
DIAMANTE;COSENZA;Calabria;;2014;2014-10-23T12:37:33Z;3145391841;15.788131;39.7140357999999
FIUMEFREDDO BRUZIO;COSENZA;Calabria;;2014;2014-10-23T12:37:32Z;3145391722;16.0389398;39.2358394
FIUMEFREDDO BRUZIO;COSENZA;Calabria;;2014;2014-10-23T12:37:32Z;3145391724;16.0533414999999;39.2370883999999
FUSCALDO;COSENZA;Calabria;;2014;2014-10-23T12:37:33Z;3145391835;15.9217438999999;39.3911148999999
PAOLA;COSENZA;Calabria;;2014;2014-10-23T12:37:33Z;3145391834;16.0135165999999;39.3664184
PRAIA A MARE;COSENZA;Calabria;;2014;2014-10-23T12:37:33Z;3145391846;15.7734149;39.8708809
ROSETO CAPO SPULICO;COSENZA;Calabria;;2014;2014-10-23T12:37:34Z;3145391857;16.6732155999999;40.0175588
SCALEA;COSENZA;Calabria;;2014;2014-10-23T12:37:33Z;3145391843;15.7626378;39.7913482
GUARDAVALLE;CATANZARO;Calabria;;2014;2014-10-23T12:37:29Z;3145391680;16.7516153;38.5087052
SANTA CATERINA DELLO IONIO;CATANZARO;Calabria;;2014;2014-10-23T12:37:29Z;3145391681;16.5903025;38.5262606
SANTA CATERINA DELLO IONIO;CATANZARO;Calabria;;2014;2014-10-23T12:37:29Z;3145391682;16.6053114999999;38.5565989999999
SANT'ANDREA APOSTOLO DELLO IONIO;CATANZARO;Calabria;;2014;2014-10-23T12:37:30Z;3145391687;16.5919051999999;38.6427283
SELLIA MARINA;CATANZARO;Calabria;;2014;2014-10-23T12:37:30Z;3145391696;16.7316515999999;38.8348147
BAGNARA CALABRA;CITTA' METROPOLITANA DI REGGIO CALABRIA;Calabria;;2014;2014-10-23T12:37:28Z;3145391667;15.7652085999999;38.2850131
BIANCO;CITTA' METROPOLITANA DI REGGIO CALABRIA;Calabria;;2014;2014-10-23T12:37:25Z;3145391505;16.2569565;37.9764881999999
BOVA MARINA;CITTA' METROPOLITANA DI REGGIO CALABRIA;Calabria;;2014;2014-10-23T12:37:24Z;3145391494;15.9571653;37.9084071999999
BRANCALEONE;CITTA' METROPOLITANA DI REGGIO CALABRIA;Calabria;;2014;2014-10-23T12:37:24Z;3145391498;16.138763;37.9340443999999
BRANCALEONE;CITTA' METROPOLITANA DI REGGIO CALABRIA;Calabria;;2014;2014-10-23T12:37:24Z;3145391499;16.0830310999999;37.9368357999999
BRANCALEONE;CITTA' METROPOLITANA DI REGGIO CALABRIA;Calabria;;2014;2014-10-23T12:37:24Z;3145391500;16.0954805;37.9444129
BRANCALEONE;CITTA' METROPOLITANA DI REGGIO CALABRIA;Calabria;;2014;2014-10-23T12:37:25Z;3145391502;16.1377492999999;37.9486288
BRANCALEONE;CITTA' METROPOLITANA DI REGGIO CALABRIA;Calabria;;2014;2014-10-23T12:37:25Z;3145391504;16.1166869999999;37.9746647999999
CAULONIA;CITTA' METROPOLITANA DI REGGIO CALABRIA;Calabria;;2014;2014-10-23T12:37:29Z;3145391668;16.4645452;38.3012791
CAULONIA;CITTA' METROPOLITANA DI REGGIO CALABRIA;Calabria;;2014;2014-10-23T12:37:29Z;3145391669;16.4502646;38.3127555
CONDOFURI;CITTA' METROPOLITANA DI REGGIO CALABRIA;Calabria;;2014;2014-10-23T12:37:24Z;3145391493;15.8495390999999;37.8978102
GIOIA TAURO;CITTA' METROPOLITANA DI REGGIO CALABRIA;Calabria;;2014;2014-10-23T12:37:29Z;3145391679;15.9059608;38.4659243999999
MELITO DI PORTO SALVO;CITTA' METROPOLITANA DI REGGIO CALABRIA;Calabria;;2014;2014-10-23T12:37:24Z;3145391488;15.7402753;37.8681762
MELITO DI PORTO SALVO;CITTA' METROPOLITANA DI REGGIO CALABRIA;Calabria;;2014;2014-10-23T12:37:24Z;3145391495;15.7907604;37.9140413
MONASTERACE;CITTA' METROPOLITANA DI REGGIO CALABRIA;Calabria;;2014;2014-10-23T12:37:29Z;3145391676;16.5816316;38.4383132999999
MONASTERACE;CITTA' METROPOLITANA DI REGGIO CALABRIA;Calabria;;2014;2014-10-23T12:37:29Z;3145391677;16.6151476;38.4514372
MONASTERACE;CITTA' METROPOLITANA DI REGGIO CALABRIA;Calabria;;2014;2014-10-23T12:37:29Z;3145391678;16.7049844999999;38.4646179
MONTEBELLO IONICO;CITTA' METROPOLITANA DI REGGIO CALABRIA;Calabria;;2014;2014-10-23T12:37:24Z;3145391487;15.6539967;37.8431693
MONTEBELLO IONICO;CITTA' METROPOLITANA DI REGGIO CALABRIA;Calabria;;2014;2014-10-23T12:37:24Z;3145391497;15.7249351999999;37.9204067
MONTEBELLO IONICO;CITTA' METROPOLITANA DI REGGIO CALABRIA;Calabria;;2014;2014-10-23T12:37:24Z;3145391501;15.6959111999999;37.9445044
PALIZZI;CITTA' METROPOLITANA DI REGGIO CALABRIA;Calabria;;2014;2014-10-23T12:37:24Z;3145391485;15.9985356;37.8181146
PALIZZI;CITTA' METROPOLITANA DI REGGIO CALABRIA;Calabria;;2014;2014-10-23T12:37:24Z;3145391490;16.0469872;37.8923407999999
PALIZZI;CITTA' METROPOLITANA DI REGGIO CALABRIA;Calabria;;2014;2014-10-23T12:37:24Z;3145391491;15.9845319;37.8971445
PALIZZI;CITTA' METROPOLITANA DI REGGIO CALABRIA;Calabria;;2014;2014-10-23T12:37:24Z;3145391492;16.0131143;37.8972973999999
REGGIO DI CALABRIA;CITTA' METROPOLITANA DI REGGIO CALABRIA;Calabria;;2014;2014-10-23T12:37:27Z;3145391637;15.6262691;38.1767850999999
ROCCELLA IONICA;CITTA' METROPOLITANA DI REGGIO CALABRIA;Calabria;;2014;2014-10-23T12:37:29Z;3145391670;16.3995533999999;38.3133235999999
SIDERNO;CITTA' METROPOLITANA DI REGGIO CALABRIA;Calabria;;2014;2014-10-23T12:37:28Z;3145391662;16.3029176;38.2649912999999
STIGNANO;CITTA' METROPOLITANA DI REGGIO CALABRIA;Calabria;;2014;2014-10-23T12:37:28Z;3145391664;16.5803930999999;38.2715656999999
VILLA SAN GIOVANNI;CITTA' METROPOLITANA DI REGGIO CALABRIA;Calabria;;2014;2014-10-23T12:37:28Z;3145391656;15.6696317;38.2441621999999
CAMPOBELLO DI MAZARA;TRAPANI;Sicilia;;2014;2014-10-23T12:37:23Z;3145391470;12.6950698;37.5396263
CAMPOBELLO DI MAZARA;TRAPANI;Sicilia;;2014;2014-10-23T12:37:23Z;3145391471;12.7154298;37.5491863
CASTELLAMMARE DEL GOLFO;TRAPANI;Sicilia;;2014;2014-10-23T12:37:26Z;3145391519;12.817539;38.0851034
CASTELVETRANO;TRAPANI;Sicilia;;2014;2014-10-23T12:37:23Z;3145391472;12.8072243;37.5610383
CASTELVETRANO;TRAPANI;Sicilia;;2014;2014-10-23T12:37:23Z;3145391473;12.832606;37.5616314
CUSTONACI;TRAPANI;Sicilia;;2014;2014-10-23T12:37:26Z;3145391630;12.6233437;38.1288316999999
CUSTONACI;TRAPANI;Sicilia;;2014;2014-10-23T12:37:26Z;3145391632;12.60438;38.1497279
ERICE;TRAPANI;Sicilia;;2014;2014-10-23T12:37:26Z;3145391521;12.5232417;38.0864698999999
ERICE;TRAPANI;Sicilia;;2014;2014-10-23T12:37:26Z;3145391522;12.4497763999999;38.0923345
ERICE;TRAPANI;Sicilia;;2014;2014-10-23T12:37:26Z;3145391527;12.5156422;38.1100990999999
ERICE;TRAPANI;Sicilia;;2014;2014-10-23T12:37:27Z;3145391646;12.499863;38.2173132
FAVIGNANA;TRAPANI;Sicilia;;2014;2014-10-23T12:37:23Z;3145391476;12.0928801;37.6657696999999
FAVIGNANA;TRAPANI;Sicilia;;2014;2014-10-23T12:37:23Z;3145391478;12.1317844;37.6997689
FAVIGNANA;TRAPANI;Sicilia;;2014;2014-10-23T12:37:23Z;3145391480;12.0189705;37.7576535
FAVIGNANA;TRAPANI;Sicilia;;2014;2014-10-23T12:37:23Z;3145391483;12.2383539999999;37.793866
FAVIGNANA;TRAPANI;Sicilia;;2014;2014-10-23T12:37:24Z;3145391489;12.036631;37.8840556
FAVIGNANA;TRAPANI;Sicilia;;2014;2014-10-23T12:37:24Z;3145391496;12.3712437;37.9148021
FAVIGNANA;TRAPANI;Sicilia;;2014;2014-10-23T12:37:25Z;3145391506;12.4199558;37.9856898
FAVIGNANA;TRAPANI;Sicilia;;2014;2014-10-23T12:37:25Z;3145391510;11.9098211;38.0055611
FAVIGNANA;TRAPANI;Sicilia;;2014;2014-10-23T12:37:25Z;3145391512;11.8998325;38.0339730999999
FAVIGNANA;TRAPANI;Sicilia;;2014;2014-10-23T12:37:25Z;3145391513;12.4159747;38.0375602
FAVIGNANA;TRAPANI;Sicilia;;2014;2014-10-23T12:37:26Z;3145391518;12.3648022999999;38.0847618
FAVIGNANA;TRAPANI;Sicilia;;2014;2014-10-23T12:37:26Z;3145391631;12.3331721;38.1366890999999
FAVIGNANA;TRAPANI;Sicilia;;2014;2014-10-23T12:37:26Z;3145391633;11.9774241;38.1521193
FAVIGNANA;TRAPANI;Sicilia;;2014;2014-10-23T12:37:27Z;3145391640;11.9832147;38.1881040999999
FAVIGNANA;TRAPANI;Sicilia;;2014;2014-10-23T12:37:27Z;3145391642;12.3279606;38.200972
FAVIGNANA;TRAPANI;Sicilia;;2014;2014-10-23T12:37:29Z;3145391673;12.3126159;38.3527685
MARSALA;TRAPANI;Sicilia;;2014;2014-10-23T12:37:23Z;3145391481;12.3967217;37.774621
SAN VITO LO CAPO;TRAPANI;Sicilia;;2014;2014-10-23T12:37:26Z;3145391520;12.8115314999999;38.0853881
SAN VITO LO CAPO;TRAPANI;Sicilia;;2014;2014-10-23T12:37:26Z;3145391635;12.7788884;38.1591226999999
SAN VITO LO CAPO;TRAPANI;Sicilia;;2014;2014-10-23T12:37:27Z;3145391639;12.8999799999999;38.1838906999999
SAN VITO LO CAPO;TRAPANI;Sicilia;;2014;2014-10-23T12:37:27Z;3145391645;12.7166416;38.2172563
SAN VITO LO CAPO;TRAPANI;Sicilia;;2014;2014-10-23T12:37:28Z;3145391654;12.6255871;38.2379247
SAN VITO LO CAPO;TRAPANI;Sicilia;;2014;2014-10-23T12:37:28Z;3145391655;12.7354600999999;38.2386649
SAN VITO LO CAPO;TRAPANI;Sicilia;;2014;2014-10-23T12:37:28Z;3145391658;12.8666126;38.250508
SAN VITO LO CAPO;TRAPANI;Sicilia;;2014;2014-10-23T12:37:28Z;3145391659;12.7497191;38.2506218999999
SAN VITO LO CAPO;TRAPANI;Sicilia;;2014;2014-10-23T12:37:28Z;3145391661;12.8575652;38.2591056999999
TRAPANI;TRAPANI;Sicilia;;2014;2014-10-23T12:37:25Z;3145391503;12.473589;37.9577333
TRAPANI;TRAPANI;Sicilia;;2014;2014-10-23T12:37:25Z;3145391507;12.4680158999999;37.9975329
TRAPANI;TRAPANI;Sicilia;;2014;2014-10-23T12:37:25Z;3145391508;12.49344;38.0000517
TRAPANI;TRAPANI;Sicilia;;2014;2014-10-23T12:37:25Z;3145391514;12.5080421;38.0409196
PETROSINO;TRAPANI;Sicilia;;2014;2014-10-23T12:37:23Z;3145391477;12.2883372;37.6664752
PETROSINO;TRAPANI;Sicilia;;2014;2014-12-21T09:43:13Z;3145391474;12.3846708;37.5639542999999
BAGHERIA;CITTA' METROPOLITANA DI PALERMO;Sicilia;;2014;2014-10-23T12:37:26Z;3145391629;13.5222821;38.1265945
BALESTRATE;CITTA' METROPOLITANA DI PALERMO;Sicilia;;2014;2014-10-23T12:37:25Z;3145391515;12.9765286;38.0495042
CAPACI;CITTA' METROPOLITANA DI PALERMO;Sicilia;;2014;2014-10-23T12:37:27Z;3145391638;13.2248225;38.1823245
CEFALU';CITTA' METROPOLITANA DI PALERMO;Sicilia;;2014;2014-10-23T12:37:27Z;3145391643;14.0356676999999;38.207593
CINISI;CITTA' METROPOLITANA DI PALERMO;Sicilia;;2014;2014-10-23T12:37:29Z;3145391674;12.9762383;38.3893379
FICARAZZI;CITTA' METROPOLITANA DI PALERMO;Sicilia;;2014;2014-10-23T12:37:26Z;3145391526;13.4537268;38.1081314999999
ISOLA DELLE FEMMINE;CITTA' METROPOLITANA DI PALERMO;Sicilia;;2014;2014-10-23T12:37:27Z;3145391651;13.2305597;38.2339074
ISOLA DELLE FEMMINE;CITTA' METROPOLITANA DI PALERMO;Sicilia;;2014;2014-10-23T12:37:28Z;3145391657;13.2248952;38.2450420999999
ISOLA DELLE FEMMINE;CITTA' METROPOLITANA DI PALERMO;Sicilia;;2014;2014-10-23T12:37:28Z;3145391660;13.2360066;38.2590172
PALERMO;CITTA' METROPOLITANA DI PALERMO;Sicilia;;2014;2014-10-23T12:37:26Z;3145391524;13.4193764;38.0998941
PALERMO;CITTA' METROPOLITANA DI PALERMO;Sicilia;;2014;2014-10-23T12:37:26Z;3145391525;13.4327390999999;38.1011438999999
PALERMO;CITTA' METROPOLITANA DI PALERMO;Sicilia;;2014;2014-10-23T12:37:26Z;3145391528;13.3947581;38.1239812999999
PALERMO;CITTA' METROPOLITANA DI PALERMO;Sicilia;;2014;2014-10-23T12:37:26Z;3145391634;13.3777641;38.1589759
PALERMO;CITTA' METROPOLITANA DI PALERMO;Sicilia;;2014;2014-10-23T12:37:27Z;3145391648;13.3582686;38.228451
POLLINA;CITTA' METROPOLITANA DI PALERMO;Sicilia;;2014;2014-10-23T12:37:25Z;3145391516;14.1872447;38.0755346999999
SANTA FLAVIA;CITTA' METROPOLITANA DI PALERMO;Sicilia;;2014;2014-10-23T12:37:30Z;3145391685;13.7373151999999;38.5944197
TERMINI IMERESE;CITTA' METROPOLITANA DI PALERMO;Sicilia;;2014;2014-12-21T09:43:13Z;3145391509;13.7836478;38.0006482
TERMINI IMERESE;CITTA' METROPOLITANA DI PALERMO;Sicilia;;2014;2014-12-21T09:43:13Z;3145391511;13.7659284;38.0261556
TERRASINI;CITTA' METROPOLITANA DI PALERMO;Sicilia;;2014;2014-10-23T12:37:27Z;3145391644;12.947044;38.2135128999999
TERRASINI;CITTA' METROPOLITANA DI PALERMO;Sicilia;;2014;2014-10-23T12:37:27Z;3145391650;12.9499492;38.2339074
USTICA;CITTA' METROPOLITANA DI PALERMO;Sicilia;;2014;2014-10-23T12:37:30Z;3145391688;13.7132774;38.6686126999999
USTICA;CITTA' METROPOLITANA DI PALERMO;Sicilia;;2014;2014-10-23T12:37:30Z;3145391691;13.1991873;38.7070159
CARONIA;CITTA' METROPOLITANA DI MESSINA;Sicilia;;2014;2014-10-23T12:37:26Z;3145391523;14.4564801;38.098266
GIOIOSA MAREA;CITTA' METROPOLITANA DI MESSINA;Sicilia;;2014;2014-10-23T12:37:27Z;3145391641;14.897613;38.1926362999999
LIPARI;CITTA' METROPOLITANA DI MESSINA;Sicilia;;2014;2014-10-23T12:37:30Z;3145391689;15.3900164;38.6764687
MESSINA;CITTA' METROPOLITANA DI MESSINA;Sicilia;;2014;2014-10-23T12:37:27Z;3145391636;15.5845705;38.1723519999999
MESSINA;CITTA' METROPOLITANA DI MESSINA;Sicilia;;2014;2014-10-23T12:37:27Z;3145391652;15.5810339;38.2347994
MESSINA;CITTA' METROPOLITANA DI MESSINA;Sicilia;;2014;2014-10-23T12:37:28Z;3145391666;15.6196638;38.2850131
MESSINA;CITTA' METROPOLITANA DI MESSINA;Sicilia;;2014;2014-10-23T12:37:29Z;3145391672;15.5553159;38.3301135
MESSINA;CITTA' METROPOLITANA DI MESSINA;Sicilia;;2014;2014-10-23T12:37:29Z;3145391675;15.6501671;38.4017301
MESSINA;CITTA' METROPOLITANA DI MESSINA;Sicilia;;2014;2014-10-23T12:37:29Z;3145391683;15.4983761999999;38.5683072
MESSINA;CITTA' METROPOLITANA DI MESSINA;Sicilia;;2014;2014-12-21T09:43:13Z;3145391649;15.6121830999999;38.2335104
MESSINA;CITTA' METROPOLITANA DI MESSINA;Sicilia;;2014;2014-12-21T09:43:13Z;3145391649;15.6121830999999;38.2335104
MILAZZO;CITTA' METROPOLITANA DI MESSINA;Sicilia;;2014;2014-10-23T12:37:28Z;3145391653;15.2336503;38.2364565999999
MILAZZO;CITTA' METROPOLITANA DI MESSINA;Sicilia;;2014;2014-10-23T12:37:28Z;3145391665;15.2430919;38.2737947
MILAZZO;CITTA' METROPOLITANA DI MESSINA;Sicilia;;2014;2014-10-23T12:37:29Z;3145391671;15.2857967;38.3182717999999
ROMETTA;CITTA' METROPOLITANA DI MESSINA;Sicilia;;2014;2014-10-23T12:37:28Z;3145391663;15.3985866;38.2681288
SAN PIER NICETO;CITTA' METROPOLITANA DI MESSINA;Sicilia;;2014;2014-10-23T12:37:27Z;3145391647;15.3198588;38.2175893
SANT'AGATA DI MILITELLO;CITTA' METROPOLITANA DI MESSINA;Sicilia;;2014;2014-10-23T12:37:26Z;3145391517;14.6306443;38.078839
SANT'ALESSIO SICULO;CITTA' METROPOLITANA DI MESSINA;Sicilia;;2014;2014-10-23T12:37:24Z;3145391484;15.5076541999999;37.8107169999999
TAORMINA;CITTA' METROPOLITANA DI MESSINA;Sicilia;;2014;2014-10-23T12:37:24Z;3145391486;15.3606666999999;37.8186667
AGRIGENTO;AGRIGENTO;Sicilia;;2014;2014-10-23T12:37:22Z;3145391454;13.6551519999999;37.1892843999999
AGRIGENTO;AGRIGENTO;Sicilia;;2014;2014-10-23T12:37:22Z;3145391455;13.6489990999999;37.1893414
LICATA;AGRIGENTO;Sicilia;;2014;2014-10-23T12:37:21Z;3145391450;14.0117292;37.1055774
LICATA;AGRIGENTO;Sicilia;;2014;2014-10-23T12:37:22Z;3145391451;13.863203;37.1065461
PALMA DI MONTECHIARO;AGRIGENTO;Sicilia;;2014;2014-10-23T12:37:22Z;3145391456;13.6657405;37.1893984
PALMA DI MONTECHIARO;AGRIGENTO;Sicilia;;2014;2014-12-21T09:43:13Z;3145391444;13.7330634;37.0806760999999
RIBERA;AGRIGENTO;Sicilia;;2014;2014-10-23T12:37:22Z;3145391464;13.2319914999999;37.3925065999999
SCIACCA;AGRIGENTO;Sicilia;;2014;2014-10-23T12:37:22Z;3145391460;12.8746750999999;37.3254925
SCIACCA;AGRIGENTO;Sicilia;;2014;2014-10-23T12:37:22Z;3145391466;12.9999886;37.4687896
SCIACCA;AGRIGENTO;Sicilia;;2014;2014-10-23T12:37:23Z;3145391468;13.0668998;37.4950991999999
SICULIANA;AGRIGENTO;Sicilia;;2014;2014-10-23T12:37:22Z;3145391457;13.2846951;37.2210236
GELA;CALTANISSETTA;Sicilia;;2014;2014-10-23T12:37:21Z;3145391439;14.3331471;37.0033391999999
GELA;CALTANISSETTA;Sicilia;;2014;2014-10-23T12:37:21Z;3145391440;14.0992278;37.0305887
GELA;CALTANISSETTA;Sicilia;;2014;2014-10-23T12:37:21Z;3145391441;14.2313642999999;37.0331189999999
GELA;CALTANISSETTA;Sicilia;;2014;2014-10-23T12:37:21Z;3145391442;14.2750609;37.0369186
GELA;CALTANISSETTA;Sicilia;;2014;2014-10-23T12:37:21Z;3145391443;14.2452629;37.041553
GELA;CALTANISSETTA;Sicilia;;2014;2014-10-23T12:37:21Z;3145391445;14.1847948;37.0844938999999
ACIREALE;CITTA' METROPOLITANA DI CATANIA;Sicilia;;2014;2014-10-23T12:37:23Z;3145391475;15.1776637999999;37.5909965999999
CATANIA;CITTA' METROPOLITANA DI CATANIA;Sicilia;;2014;2014-10-23T12:37:22Z;3145391465;15.1248735;37.4456151999999
CATANIA;CITTA' METROPOLITANA DI CATANIA;Sicilia;;2014;2014-10-23T12:37:22Z;3145391467;15.0982269;37.4852284999999
CATANIA;CITTA' METROPOLITANA DI CATANIA;Sicilia;;2014;2014-10-23T12:37:23Z;3145391469;15.1186080999999;37.5304116
RIPOSTO;CITTA' METROPOLITANA DI CATANIA;Sicilia;;2014;2014-10-23T12:37:23Z;3145391479;15.2110083;37.7368328
SANTA CROCE CAMERINA;RAGUSA;Sicilia;;2014;2014-10-23T12:37:20Z;3145390627;14.4692510999999;36.7847591
VITTORIA;RAGUSA;Sicilia;;2014;2014-10-23T12:37:21Z;3145391437;14.3813941;36.9358892999999
AUGUSTA;SIRACUSA;Sicilia;;2014;2014-10-23T12:37:22Z;3145391458;15.1652761999999;37.3190457999999
AUGUSTA;SIRACUSA;Sicilia;;2014;2014-10-23T12:37:22Z;3145391459;15.2413281;37.3198415
AUGUSTA;SIRACUSA;Sicilia;;2014;2014-10-23T12:37:22Z;3145391461;15.2230355;37.3366075
AUGUSTA;SIRACUSA;Sicilia;;2014;2014-10-23T12:37:22Z;3145391462;15.3240058;37.3411541999999
AVOLA;SIRACUSA;Sicilia;;2014;2014-10-23T12:37:20Z;3145390628;15.2666862;36.8463581
AVOLA;SIRACUSA;Sicilia;;2014;2014-10-23T12:37:20Z;3145391429;15.1618356999999;36.8939442
AVOLA;SIRACUSA;Sicilia;;2014;2014-10-23T12:37:20Z;3145391430;15.1799158;36.8992316
AVOLA;SIRACUSA;Sicilia;;2014;2014-10-23T12:37:20Z;3145391431;15.2058258;36.9041210999999
AVOLA;SIRACUSA;Sicilia;;2014;2014-10-23T12:37:20Z;3145391432;15.1703775;36.9078734
AVOLA;SIRACUSA;Sicilia;;2014;2014-10-23T12:37:21Z;3145391433;15.1816242999999;36.9139568
AVOLA;SIRACUSA;Sicilia;;2014;2014-10-23T12:37:21Z;3145391435;15.1802007;36.9218594999999
AVOLA;SIRACUSA;Sicilia;;2014;2014-10-23T12:37:21Z;3145391436;15.1864648;36.930615
CARLENTINI;SIRACUSA;Sicilia;;2014;2014-10-23T12:37:22Z;3145391463;15.1361085;37.3615008
PACHINO;SIRACUSA;Sicilia;;2014;2014-10-23T12:37:20Z;3145390622;15.0348175;36.6288863999999
SIRACUSA;SIRACUSA;Sicilia;;2014;2014-10-23T12:37:21Z;3145391434;15.2168595;36.9169132
SIRACUSA;SIRACUSA;Sicilia;;2014;2014-10-23T12:37:21Z;3145391438;15.2765805;36.9423268999999
SIRACUSA;SIRACUSA;Sicilia;;2014;2014-10-23T12:37:21Z;3145391446;15.391041;37.0883276
SIRACUSA;SIRACUSA;Sicilia;;2014;2014-10-23T12:37:21Z;3145391447;15.3026332;37.0923074
SIRACUSA;SIRACUSA;Sicilia;;2014;2014-10-23T12:37:21Z;3145391448;15.4000808;37.1004374999999
SIRACUSA;SIRACUSA;Sicilia;;2014;2014-10-23T12:37:21Z;3145391449;15.2998569999999;37.1015745999999
PORTOPALO DI CAPO PASSERO;SIRACUSA;Sicilia;;2014;2014-10-23T12:37:19Z;3145390618;15.0772718;36.4801623
PORTOPALO DI CAPO PASSERO;SIRACUSA;Sicilia;;2014;2014-10-23T12:37:20Z;3145390619;15.0916508;36.4917604999999
PORTOPALO DI CAPO PASSERO;SIRACUSA;Sicilia;;2014;2014-10-23T12:37:20Z;3145390620;15.2347258;36.5289998
PORTOPALO DI CAPO PASSERO;SIRACUSA;Sicilia;;2014;2014-10-23T12:37:20Z;3145390621;15.2349396;36.6082541
PORTOPALO DI CAPO PASSERO;SIRACUSA;Sicilia;;2014;2014-10-23T12:37:20Z;3145390623;15.0764178999999;36.6356007999999
PORTOPALO DI CAPO PASSERO;SIRACUSA;Sicilia;;2014;2014-10-23T12:37:20Z;3145390624;15.1564970999999;36.6407176
PORTOPALO DI CAPO PASSERO;SIRACUSA;Sicilia;;2014;2014-10-23T12:37:20Z;3145390625;15.0742107999999;36.6527705999999
PORTOPALO DI CAPO PASSERO;SIRACUSA;Sicilia;;2014;2014-10-23T12:37:20Z;3145390626;15.2565077;36.7090559999999
PRIOLO GARGALLO;SIRACUSA;Sicilia;;2014;2014-10-23T12:37:22Z;3145391452;15.2449049;37.1331853
PRIOLO GARGALLO;SIRACUSA;Sicilia;;2014;2014-10-23T12:37:22Z;3145391453;15.2538026;37.1455794999999
CASTELSARDO;SASSARI;Sardegna;;2014;2014-10-23T12:37:39Z;3145392331;8.5757872;40.9146322
CASTELSARDO;SASSARI;Sardegna;;2014;2014-12-21T09:43:13Z;3145392341;8.5746707;41.0216193999999
SASSARI;SASSARI;Sardegna;;2014;2014-10-23T12:37:38Z;3145391928;8.30829999999999;40.8992442999999
STINTINO;SASSARI;Sardegna;;2014;2014-10-23T12:37:38Z;3145392329;8.2956306;40.9010607
STINTINO;SASSARI;Sardegna;;2014;2014-10-23T12:37:39Z;3145392333;8.18212879999999;40.9250134999999
OROSEI;NUORO;Sardegna;;2014;2014-10-23T12:37:35Z;3145391879;9.7397007;40.3559612
DOMUS DE MARIA;CAGLIARI;Sardegna;;2014;2014-10-23T12:37:30Z;3145391695;8.853776;38.7722881999999
DOMUS DE MARIA;CAGLIARI;Sardegna;;2014;2014-10-23T12:37:30Z;3145391697;8.8583935;38.8733600999999
MARACALAGONIS;CAGLIARI;Sardegna;;2014;2014-10-23T12:37:31Z;3145391713;9.3918341;39.1375947
MARACALAGONIS;CAGLIARI;Sardegna;;2014;2014-10-23T12:37:31Z;3145391713;9.3918341;39.1375947
MARACALAGONIS;CAGLIARI;Sardegna;;2014;2014-10-23T12:37:31Z;3145391714;9.39777149999999;39.1376515999999
MARACALAGONIS;CAGLIARI;Sardegna;;2014;2014-10-23T12:37:31Z;3145391714;9.39777149999999;39.1376515999999
MARACALAGONIS;CAGLIARI;Sardegna;;2014;2014-10-23T12:37:31Z;3145391715;9.39102729999999;39.1424913
MARACALAGONIS;CAGLIARI;Sardegna;;2014;2014-10-23T12:37:31Z;3145391715;9.39102729999999;39.1424913
MURAVERA;CAGLIARI;Sardegna;;2014;2014-10-23T12:37:32Z;3145391726;9.6434043;39.2407647
MURAVERA;CAGLIARI;Sardegna;;2014;2014-10-23T12:37:32Z;3145391728;9.6429648;39.2810761
MURAVERA;CAGLIARI;Sardegna;;2014;2014-10-23T12:37:32Z;3145391829;9.6747043;39.2908692999999
QUARTU SANT'ELENA;CAGLIARI;Sardegna;;2014;2014-10-23T12:37:31Z;3145391716;9.26546229999999;39.1667465
QUARTU SANT'ELENA;CAGLIARI;Sardegna;;2014;2014-10-23T12:37:31Z;3145391716;9.26546229999999;39.1667465
TEULADA;CAGLIARI;Sardegna;;2014;2014-10-23T12:37:30Z;3145391693;8.7294593;38.7338524
TEULADA;CAGLIARI;Sardegna;;2014;2014-10-23T12:37:30Z;3145391699;8.6608506;38.8888482999999
TEULADA;CAGLIARI;Sardegna;;2014;2014-10-23T12:37:31Z;3145391702;8.7238887;38.9349712
VILLAPUTZU;CAGLIARI;Sardegna;;2014;2014-10-23T12:37:33Z;3145391836;9.64133419999999;39.4122843999999
VILLASIMIUS;CAGLIARI;Sardegna;;2014;2014-10-23T12:37:30Z;3145391692;9.8501143;38.7176838
VILLASIMIUS;CAGLIARI;Sardegna;;2014;2014-10-23T12:37:31Z;3145391703;9.5267818;39.0512210999999
VILLASIMIUS;CAGLIARI;Sardegna;;2014;2014-10-23T12:37:31Z;3145391704;9.58945469999999;39.0579966999999
VILLASIMIUS;CAGLIARI;Sardegna;;2014;2014-10-23T12:37:31Z;3145391705;9.5510444;39.0817964
VILLASIMIUS;CAGLIARI;Sardegna;;2014;2014-10-23T12:37:31Z;3145391706;9.4978276;39.0843016
VILLASIMIUS;CAGLIARI;Sardegna;;2014;2014-10-23T12:37:31Z;3145391708;9.5033989;39.0988205
VILLASIMIUS;CAGLIARI;Sardegna;;2014;2014-10-23T12:37:31Z;3145391710;9.59832439999999;39.1048558999999
VILLASIMIUS;CAGLIARI;Sardegna;;2014;2014-10-23T12:37:31Z;3145391712;9.5506049;39.1279723
CASTIADAS;CAGLIARI;Sardegna;;2014;2014-10-23T12:37:32Z;3145391717;9.5882818;39.1967523
CASTIADAS;CAGLIARI;Sardegna;;2014;2014-10-23T12:37:32Z;3145391721;9.576407;39.2284093
CABRAS;ORISTANO;Sardegna;;2014;2014-10-23T12:37:33Z;3145391844;8.4365237;39.8561052
CABRAS;ORISTANO;Sardegna;;2014;2014-10-23T12:37:33Z;3145391845;8.2500756;39.8598554
CABRAS;ORISTANO;Sardegna;;2014;2014-10-23T12:37:33Z;3145391847;8.397283;39.8999136999999
CABRAS;ORISTANO;Sardegna;;2014;2014-10-23T12:37:34Z;3145391856;8.3203539;40.0049745999999
CUGLIERI;ORISTANO;Sardegna;;2014;2014-10-23T12:37:35Z;3145391871;8.3498832;40.1919214999999
BELLARIA-IGEA MARINA;RIMINI;Emilia-Romagna;;2014;2014-10-23T12:37:53Z;3145392562;12.538168;44.2583887999999
RICCIONE;RIMINI;Emilia-Romagna;;2014;2014-10-23T12:37:51Z;3145392527;12.6878683;44.0189250999999
RICCIONE;RIMINI;Emilia-Romagna;;2014;2014-10-23T12:37:51Z;3145392540;12.7171922;44.1071844
RIMINI;RIMINI;Emilia-Romagna;;2014;2014-10-23T12:37:51Z;3145392531;12.6146119999999;44.0459394
RIMINI;RIMINI;Emilia-Romagna;;2014;2014-10-23T12:37:51Z;3145392537;12.6335767;44.0840615999999
RIMINI;RIMINI;Emilia-Romagna;;2014;2014-10-23T12:37:51Z;3145392538;12.5767352999999;44.0844395
RIMINI;RIMINI;Emilia-Romagna;;2014;2014-10-23T12:37:52Z;3145392542;12.6972711;44.1117938
RIMINI;RIMINI;Emilia-Romagna;;2014;2014-10-23T12:37:52Z;3145392547;12.6361267;44.1436819999999
RIMINI;RIMINI;Emilia-Romagna;;2016;2016-02-09T10:05:25Z;3145392551;12.5915564999999;44.1664268999999
CIRO' MARINA;CROTONE;Calabria;;2014;2014-10-23T12:37:32Z;3145391830;17.2651062999999;39.2991591999999
CIRO' MARINA;CROTONE;Calabria;;2014;2014-10-23T12:37:32Z;3145391831;17.1202997;39.3298728999999
CROTONE;CROTONE;Calabria;;2014;2014-10-23T12:37:31Z;3145391709;17.1153353;39.1000206
ISOLA DI CAPO RIZZUTO;CROTONE;Calabria;;2014;2014-10-23T12:37:30Z;3145391700;17.0306381;38.9053313
ISOLA DI CAPO RIZZUTO;CROTONE;Calabria;;2014;2014-10-23T12:37:30Z;3145391701;17.132573;38.9122612
STRONGOLI;CROTONE;Calabria;;2014;2014-10-23T12:37:32Z;3145391725;17.1305151;39.2381369
STRONGOLI;CROTONE;Calabria;;2014;2014-10-23T12:37:32Z;3145391727;17.1937824;39.2743095
BRIATICO;VIBO VALENTIA;Calabria;;2014;2014-10-23T12:37:30Z;3145391694;16.0289471;38.7341880999999
RICADI;VIBO VALENTIA;Calabria;;2014;2014-10-23T12:37:30Z;3145391684;15.7068168;38.5932936999999
RICADI;VIBO VALENTIA;Calabria;;2014;2014-10-23T12:37:30Z;3145391686;15.7647004;38.6349378
RICADI;VIBO VALENTIA;Calabria;;2014;2014-10-23T12:37:30Z;3145391690;15.8610769;38.6768653
AGLIENTU;OLBIA-TEMPIO;Sardegna;;2014;2014-10-23T12:37:39Z;3145392344;9.0398256;41.1514688999999
BUDONI;OLBIA-TEMPIO;Sardegna;;2014;2014-10-23T12:37:37Z;3145391906;9.82018549999999;40.6567275
GOLFO ARANCI;OLBIA-TEMPIO;Sardegna;;2014;2014-10-23T12:37:39Z;3145392337;9.62812319999999;40.9675948
GOLFO ARANCI;OLBIA-TEMPIO;Sardegna;;2014;2014-10-23T12:37:39Z;3145392342;9.69035659999999;41.0501860999999
LA MADDALENA;OLBIA-TEMPIO;Sardegna;;2014;2014-10-23T12:37:40Z;3145392349;9.3627398;41.2313645999999
LA MADDALENA;OLBIA-TEMPIO;Sardegna;;2014;2014-10-23T12:37:40Z;3145392351;9.3565354;41.2325591999999
LA MADDALENA;OLBIA-TEMPIO;Sardegna;;2014;2014-10-23T12:37:40Z;3145392354;9.46548879999999;41.247008
LA MADDALENA;OLBIA-TEMPIO;Sardegna;;2014;2014-10-23T12:37:40Z;3145392355;9.29888079999999;41.2499091
LA MADDALENA;OLBIA-TEMPIO;Sardegna;;2014;2014-10-23T12:37:41Z;3145392361;9.344581;41.3096950999999
LOIRI PORTO SAN PAOLO;OLBIA-TEMPIO;Sardegna;;2014;2014-10-23T12:37:38Z;3145391925;9.6626027;40.8776227
OLBIA;OLBIA-TEMPIO;Sardegna;;2014;2014-10-23T12:37:38Z;3145391922;9.7479426;40.8504298
OLBIA;OLBIA-TEMPIO;Sardegna;;2014;2014-10-23T12:37:38Z;3145391926;9.7285656;40.8951178
OLBIA;OLBIA-TEMPIO;Sardegna;;2014;2014-10-23T12:37:39Z;3145392336;9.9644043;40.9662239999999
SANTA TERESA GALLURA;OLBIA-TEMPIO;Sardegna;;2014;2014-10-23T12:37:40Z;3145392358;9.2424373;41.2597501999999
BAUNEI;OGLIASTRA;Sardegna;;2014;2014-10-23T12:37:34Z;3145391863;9.8329463;40.1168359999999
BAUNEI;OGLIASTRA;Sardegna;;2014;2014-10-23T12:37:35Z;3145391873;9.6966189;40.2009212
BAUNEI;OGLIASTRA;Sardegna;;2014;2014-10-23T12:37:35Z;3145391874;9.63870189999999;40.2245943
TERTENIA;OGLIASTRA;Sardegna;;2014;2014-10-23T12:37:33Z;3145391839;9.6614691;39.6597239
TERTENIA;OGLIASTRA;Sardegna;;2014;2014-10-23T12:37:33Z;3145391840;9.7266764;39.6902784999999
TORTOLI';OGLIASTRA;Sardegna;;2014;2014-10-23T12:37:33Z;3145391850;9.7049407;39.9514688
CARLOFORTE;CARBONIA IGLESIAS;Sardegna;;2014;2014-10-23T12:37:31Z;3145391707;8.2830639;39.0961167999999
CARLOFORTE;CARBONIA IGLESIAS;Sardegna;;2014;2014-10-23T12:37:31Z;3145391711;8.3217662;39.1275486999999
CARLOFORTE;CARBONIA IGLESIAS;Sardegna;;2014;2014-10-23T12:37:32Z;3145391718;8.2327073;39.2047619
CARLOFORTE;CARBONIA IGLESIAS;Sardegna;;2014;2014-10-23T12:37:32Z;3145391719;8.33144169999999;39.2070396
CARLOFORTE;CARBONIA IGLESIAS;Sardegna;;2014;2014-10-23T12:37:32Z;3145391720;8.2310947;39.2234388999999
CARLOFORTE;CARBONIA IGLESIAS;Sardegna;;2014;2014-10-23T12:37:32Z;3145391723;8.2332204;39.2362508
CARLOFORTE;CARBONIA IGLESIAS;Sardegna;;2014;2014-10-23T12:37:32Z;3145391832;8.1514939;39.3351759999999
IGLESIAS;CARBONIA IGLESIAS;Sardegna;;2014;2014-10-23T12:37:32Z;3145391833;8.185414;39.3529607999999
SANT'ANTIOCO;CARBONIA IGLESIAS;Sardegna;;2014;2014-10-23T12:37:30Z;3145391698;8.4079671;38.8826415999999
ALTIDONA;FERMO;Marche;;2014;2014-10-23T12:37:47Z;3145392462;13.9139409999999;43.1537507
ALTIDONA;FERMO;Marche;;2014;2014-12-21T09:43:13Z;3145392460;13.8818826;43.1510296
FERMO;FERMO;Marche;;2014;2014-10-23T12:37:47Z;3145392464;13.7838309;43.2309616
FERMO;FERMO;Marche;;2014;2014-10-23T12:37:47Z;3145392474;14.0317755;43.3340796
PEDASO;FERMO;Marche;;2014;2014-10-23T12:37:47Z;3145392466;14.1655607;43.2504059999999
PORTO SAN GIORGIO;FERMO;Marche;;2014;2014-10-23T12:37:47Z;3145392467;14.0774393999999;43.2623675
PORTO SAN GIORGIO;FERMO;Marche;;2014;2014-12-21T09:43:13Z;3145392463;13.8777386;43.1978549999999
PORTO SANT'ELPIDIO;FERMO;Marche;;2014;2014-12-21T09:43:13Z;3145392471;13.7830492;43.2838527999999
BARLETTA;BARLETTA-ANDRIA-TRANI;Puglia;;2014;2014-10-23T12:37:41Z;3145392364;16.2949482;41.3705051
BARLETTA;BARLETTA-ANDRIA-TRANI;Puglia;;2014;2014-10-23T12:37:41Z;3145392367;16.3483042999999;41.4053912999999
BISCEGLIE;BARLETTA-ANDRIA-TRANI;Puglia;;2014;2014-10-23T12:37:40Z;3145392353;16.5091305;41.2438219
MARGHERITA DI SAVOIA;BARLETTA-ANDRIA-TRANI;Puglia;;2014;2014-10-23T12:37:41Z;3145392368;16.1918800999999;41.4159767
TRANI;BARLETTA-ANDRIA-TRANI;Puglia;;2014;2014-10-23T12:37:41Z;3145392371;16.5000231;41.4678224
